<?xml version="1.0"?>
<Runs Version="1" Minor="0">
	<Run Id="MP2A_processing_system7_0_0_synth_1" LaunchDir="C:/Users/Alex/MP2A/MP2A.runs/MP2A_processing_system7_0_0_synth_1" FlowId="Vivado_Synthesis" FromStepId="vivado" ToStepId="vivado"/>
	<Run Id="MP2A_rst_ps7_0_100M_0_synth_1" LaunchDir="C:/Users/Alex/MP2A/MP2A.runs/MP2A_rst_ps7_0_100M_0_synth_1" FlowId="Vivado_Synthesis" FromStepId="vivado" ToStepId="vivado"/>
	<Run Id="synth_1" LaunchDir="C:/Users/Alex/MP2A/MP2A.runs/synth_1" FlowId="Vivado_Synthesis" FromStepId="vivado" ToStepId="vivado">
		<Parent Id="MP2A_processing_system7_0_0_synth_1"/>
		<Parent Id="MP2A_rst_ps7_0_100M_0_synth_1"/>
	</Run>
	<Run Id="impl_1" LaunchDir="C:/Users/Alex/MP2A/MP2A.runs/impl_1" FlowId="Vivado_Implementation" FromStepId="init_design" ToStepId="write_bitstream">
		<Parent Id="synth_1"/>
		<Parent Id="MP2A_processing_system7_0_0_synth_1"/>
		<Parent Id="MP2A_rst_ps7_0_100M_0_synth_1"/>
	</Run>
</Runs>

