<?xml version="1.0" encoding="UTF-8"?>
<GenRun Id="impl_1" LaunchPart="xc7z020clg484-1" LaunchTime="1506621414">
  <File Type="PWROPT-DRC" Name="MP2A_wrapper_drc_pwropted.rpt"/>
  <File Type="OPT-METHODOLOGY-DRC" Name="MP2A_wrapper_methodology_drc_opted.rpt"/>
  <File Type="INIT-TIMING" Name="MP2A_wrapper_timing_summary_init.rpt"/>
  <File Type="ROUTE-PWR-RPX" Name="MP2A_wrapper_power_routed.rpx"/>
  <File Type="PA-TCL" Name="MP2A_wrapper.tcl"/>
  <File Type="OPT-HWDEF" Name="MP2A_wrapper.hwdef"/>
  <File Type="RDI-RDI" Name="MP2A_wrapper.vdi"/>
  <File Type="OPT-DCP" Name="MP2A_wrapper_opt.dcp"/>
  <File Type="OPT-DRC" Name="MP2A_wrapper_drc_opted.rpt"/>
  <File Type="OPT-TIMING" Name="MP2A_wrapper_timing_summary_opted.rpt"/>
  <File Type="PWROPT-DCP" Name="MP2A_wrapper_pwropt.dcp"/>
  <File Type="PWROPT-TIMING" Name="MP2A_wrapper_timing_summary_pwropted.rpt"/>
  <File Type="PLACE-DCP" Name="MP2A_wrapper_placed.dcp"/>
  <File Type="PLACE-IO" Name="MP2A_wrapper_io_placed.rpt"/>
  <File Type="PLACE-CLK" Name="MP2A_wrapper_clock_utilization_placed.rpt"/>
  <File Type="PLACE-UTIL" Name="MP2A_wrapper_utilization_placed.rpt"/>
  <File Type="PLACE-UTIL-PB" Name="MP2A_wrapper_utilization_placed.pb"/>
  <File Type="PLACE-CTRL" Name="MP2A_wrapper_control_sets_placed.rpt"/>
  <File Type="PLACE-SIMILARITY" Name="MP2A_wrapper_incremental_reuse_placed.rpt"/>
  <File Type="PLACE-PRE-SIMILARITY" Name="MP2A_wrapper_incremental_reuse_pre_placed.rpt"/>
  <File Type="PLACE-TIMING" Name="MP2A_wrapper_timing_summary_placed.rpt"/>
  <File Type="POSTPLACE-PWROPT-DCP" Name="MP2A_wrapper_postplace_pwropt.dcp"/>
  <File Type="POSTPLACE-PWROPT-TIMING" Name="MP2A_wrapper_timing_summary_postplace_pwropted.rpt"/>
  <File Type="PHYSOPT-DCP" Name="MP2A_wrapper_physopt.dcp"/>
  <File Type="PHYSOPT-DRC" Name="MP2A_wrapper_drc_physopted.rpt"/>
  <File Type="PHYSOPT-TIMING" Name="MP2A_wrapper_timing_summary_physopted.rpt"/>
  <File Type="ROUTE-ERROR-DCP" Name="MP2A_wrapper_routed_error.dcp"/>
  <File Type="ROUTE-DCP" Name="MP2A_wrapper_routed.dcp"/>
  <File Type="ROUTE-BLACKBOX-DCP" Name="MP2A_wrapper_routed_bb.dcp"/>
  <File Type="ROUTE-DRC" Name="MP2A_wrapper_drc_routed.rpt"/>
  <File Type="ROUTE-DRC-PB" Name="MP2A_wrapper_drc_routed.pb"/>
  <File Type="BG-BIN" Name="MP2A_wrapper.bin"/>
  <File Type="ROUTE-DRC-RPX" Name="MP2A_wrapper_drc_routed.rpx"/>
  <File Type="BG-DRC" Name="MP2A_wrapper.drc"/>
  <File Type="ROUTE-METHODOLOGY-DRC" Name="MP2A_wrapper_methodology_drc_routed.rpt"/>
  <File Type="BITSTR-MSK" Name="MP2A_wrapper.msk"/>
  <File Type="ROUTE-METHODOLOGY-DRC-RPX" Name="MP2A_wrapper_methodology_drc_routed.rpx"/>
  <File Type="BG-BGN" Name="MP2A_wrapper.bgn"/>
  <File Type="ROUTE-METHODOLOGY-DRC-PB" Name="MP2A_wrapper_methodology_drc_routed.pb"/>
  <File Type="ROUTE-PWR" Name="MP2A_wrapper_power_routed.rpt"/>
  <File Type="ROUTE-PWR-SUM" Name="MP2A_wrapper_power_summary_routed.pb"/>
  <File Type="ROUTE-STATUS" Name="MP2A_wrapper_route_status.rpt"/>
  <File Type="ROUTE-STATUS-PB" Name="MP2A_wrapper_route_status.pb"/>
  <File Type="ROUTE-TIMINGSUMMARY" Name="MP2A_wrapper_timing_summary_routed.rpt"/>
  <File Type="ROUTE-TIMING-PB" Name="MP2A_wrapper_timing_summary_routed.pb"/>
  <File Type="ROUTE-TIMING-RPX" Name="MP2A_wrapper_timing_summary_routed.rpx"/>
  <File Type="ROUTE-SIMILARITY" Name="MP2A_wrapper_incremental_reuse_routed.rpt"/>
  <File Type="ROUTE-CLK" Name="MP2A_wrapper_clock_utilization_routed.rpt"/>
  <File Type="POSTROUTE-PHYSOPT-DCP" Name="MP2A_wrapper_postroute_physopt.dcp"/>
  <File Type="POSTROUTE-PHYSOPT-BLACKBOX-DCP" Name="MP2A_wrapper_postroute_physopt_bb.dcp"/>
  <File Type="POSTROUTE-PHYSOPT-TIMING" Name="MP2A_wrapper_timing_summary_postroute_physopted.rpt"/>
  <File Type="POSTROUTE-PHYSOPT-TIMING-PB" Name="MP2A_wrapper_timing_summary_postroute_physopted.pb"/>
  <File Type="POSTROUTE-PHYSOPT-TIMING-RPX" Name="MP2A_wrapper_timing_summary_postroute_physopted.rpx"/>
  <File Type="BG-BIT" Name="MP2A_wrapper.bit"/>
  <File Type="BITSTR-RBT" Name="MP2A_wrapper.rbt"/>
  <File Type="BITSTR-NKY" Name="MP2A_wrapper.nky"/>
  <File Type="BITSTR-BMM" Name="MP2A_wrapper_bd.bmm"/>
  <File Type="BITSTR-MMI" Name="MP2A_wrapper.mmi"/>
  <File Type="BITSTR-SYSDEF" Name="MP2A_wrapper.sysdef"/>
  <File Type="WBT-USG" Name="usage_statistics_webtalk.html"/>
  <FileSet Name="sources" Type="DesignSrcs" RelSrcDir="$PSRCDIR/sources_1">
    <Filter Type="Srcs"/>
    <File Path="$PSRCDIR/sources_1/new/interface_controller.v">
      <FileInfo>
        <Attr Name="UsedIn" Val="synthesis"/>
        <Attr Name="UsedIn" Val="implementation"/>
        <Attr Name="UsedIn" Val="simulation"/>
      </FileInfo>
    </File>
    <File Path="$PPRDIR/../pmodoledctrl_verilog/PmodOLED_Source/ipcore_dir/charLib.xci">
      <FileInfo>
        <Attr Name="UsedIn" Val="synthesis"/>
        <Attr Name="UsedIn" Val="implementation"/>
        <Attr Name="UsedIn" Val="simulation"/>
      </FileInfo>
    </File>
    <File Path="$PPRDIR/../pmodoledctrl_verilog/PmodOLED_Source/Delay.v">
      <FileInfo>
        <Attr Name="UsedIn" Val="synthesis"/>
        <Attr Name="UsedIn" Val="implementation"/>
        <Attr Name="UsedIn" Val="simulation"/>
      </FileInfo>
    </File>
    <File Path="$PSRCDIR/sources_1/new/PmodOLED_Source/OledEX.v">
      <FileInfo>
        <Attr Name="UsedIn" Val="synthesis"/>
        <Attr Name="UsedIn" Val="implementation"/>
        <Attr Name="UsedIn" Val="simulation"/>
      </FileInfo>
    </File>
    <File Path="$PSRCDIR/sources_1/new/PmodOLED_Source/OledInit.v">
      <FileInfo>
        <Attr Name="UsedIn" Val="synthesis"/>
        <Attr Name="UsedIn" Val="implementation"/>
        <Attr Name="UsedIn" Val="simulation"/>
      </FileInfo>
    </File>
    <File Path="$PPRDIR/../pmodoledctrl_verilog/PmodOLED_Source/SpiCtrl.v">
      <FileInfo>
        <Attr Name="UsedIn" Val="synthesis"/>
        <Attr Name="UsedIn" Val="implementation"/>
        <Attr Name="UsedIn" Val="simulation"/>
      </FileInfo>
    </File>
    <File Path="$PSRCDIR/sources_1/new/PmodOLED_Source/PmodOLEDCtrl.v">
      <FileInfo>
        <Attr Name="UsedIn" Val="synthesis"/>
        <Attr Name="UsedIn" Val="implementation"/>
        <Attr Name="UsedIn" Val="simulation"/>
      </FileInfo>
    </File>
    <File Path="$PSRCDIR/sources_1/bd/MP2A/MP2A.bd">
      <FileInfo>
        <Attr Name="UsedIn" Val="synthesis"/>
        <Attr Name="UsedIn" Val="implementation"/>
        <Attr Name="UsedIn" Val="simulation"/>
      </FileInfo>
    </File>
    <File Path="$PSRCDIR/sources_1/imports/hdl/MP2A_wrapper.v">
      <FileInfo>
        <Attr Name="ImportPath" Val="$PSRCDIR/sources_1/bd/MP2A/hdl/MP2A_wrapper.v"/>
        <Attr Name="ImportTime" Val="1506616204"/>
        <Attr Name="UsedIn" Val="synthesis"/>
        <Attr Name="UsedIn" Val="implementation"/>
        <Attr Name="UsedIn" Val="simulation"/>
      </FileInfo>
    </File>
    <File Path="$PPRDIR/../pmodoledctrl_verilog/PmodOLED_Source/charLib.coe">
      <FileInfo>
        <Attr Name="UsedIn" Val="synthesis"/>
        <Attr Name="UsedIn" Val="simulation"/>
      </FileInfo>
    </File>
    <File Path="$PPRDIR/../pmodoledctrl_verilog/PmodOLED_Source/charLib.mif">
      <FileInfo>
        <Attr Name="UsedIn" Val="synthesis"/>
        <Attr Name="UsedIn" Val="simulation"/>
      </FileInfo>
    </File>
    <File Path="$PSRCDIR/sources_1/new/PmodOLED_Source/SpiCtrl.v">
      <FileInfo>
        <Attr Name="AutoDisabled" Val="1"/>
        <Attr Name="UsedIn" Val="synthesis"/>
        <Attr Name="UsedIn" Val="implementation"/>
        <Attr Name="UsedIn" Val="simulation"/>
      </FileInfo>
    </File>
    <File Path="$PSRCDIR/sources_1/new/PmodOLED_Source/charLib.mif">
      <FileInfo>
        <Attr Name="UsedIn" Val="synthesis"/>
        <Attr Name="UsedIn" Val="simulation"/>
      </FileInfo>
    </File>
    <File Path="$PSRCDIR/sources_1/new/PmodOLED_Source/Delay.v">
      <FileInfo>
        <Attr Name="AutoDisabled" Val="1"/>
        <Attr Name="UsedIn" Val="synthesis"/>
        <Attr Name="UsedIn" Val="implementation"/>
        <Attr Name="UsedIn" Val="simulation"/>
      </FileInfo>
    </File>
    <Config>
      <Option Name="DesignMode" Val="RTL"/>
      <Option Name="TopModule" Val="MP2A_wrapper"/>
      <Option Name="TopAutoSet" Val="TRUE"/>
    </Config>
  </FileSet>
  <FileSet Name="constrs_in" Type="Constrs" RelSrcDir="$PSRCDIR/constrs_1">
    <Filter Type="Constrs"/>
    <File Path="$PSRCDIR/constrs_1/new/constraints.xdc">
      <FileInfo>
        <Attr Name="UsedIn" Val="synthesis"/>
        <Attr Name="UsedIn" Val="implementation"/>
      </FileInfo>
    </File>
    <Config>
      <Option Name="TargetConstrsFile" Val="$PSRCDIR/constrs_1/new/constraints.xdc"/>
      <Option Name="ConstrsType" Val="XDC"/>
    </Config>
  </FileSet>
  <Strategy Version="1" Minor="2">
    <StratHandle Name="Vivado Implementation Defaults" Flow="Vivado Implementation 2017"/>
    <Step Id="init_design"/>
    <Step Id="opt_design"/>
    <Step Id="power_opt_design"/>
    <Step Id="place_design"/>
    <Step Id="post_place_power_opt_design"/>
    <Step Id="phys_opt_design"/>
    <Step Id="route_design"/>
    <Step Id="post_route_phys_opt_design"/>
    <Step Id="write_bitstream"/>
  </Strategy>
  <BlockFileSet Type="BlockSrcs" Name="MP2A_axi_gpio_0_0"/>
  <BlockFileSet Type="BlockSrcs" Name="MP2A_processing_system7_0_0"/>
  <BlockFileSet Type="BlockSrcs" Name="MP2A_blk_mem_gen_0_0"/>
  <BlockFileSet Type="BlockSrcs" Name="MP2A_PmodOLEDCtrl_0_0"/>
  <BlockFileSet Type="BlockSrcs" Name="MP2A_interface_controller_0_0"/>
</GenRun>
